City_ID,City,Country,Lat,Lng,Max Temp,Humidity,Cloudiness,Wind Speed,Current Description
0,Albany,US,42.6,-73.97,48.0,77,100,3.0,overcast clouds
1,Punta Arenas,CL,-53.15,-70.92,39.2,72,20,20.8,few clouds
2,Waitati,NZ,-45.75,170.57,51.01,80,18,5.99,few clouds
3,Bluff,NZ,-46.6,168.33,48.99,80,0,5.99,clear sky
4,Qaanaaq,GL,77.48,-69.36,8.08,78,31,9.51,scattered clouds
5,Lompoc,US,34.64,-120.46,51.01,87,1,5.41,clear sky
6,Geraldton,AU,-28.77,114.6,73.4,60,0,17.22,clear sky
7,Alice Springs,AU,-23.7,133.88,84.2,9,0,9.17,clear sky
8,Barrow,US,71.29,-156.79,17.6,78,90,12.75,overcast clouds
9,Kapaa,US,22.08,-159.32,69.8,88,40,6.93,scattered clouds
10,Pangody,RU,65.85,74.49,4.6,93,0,8.72,clear sky
11,Henties Bay,NA,-22.12,14.28,62.69,72,41,8.43,scattered clouds
12,Bitung,ID,1.45,125.18,89.6,59,40,4.7,scattered clouds
13,Porto Novo,BJ,6.5,2.6,82.4,88,40,4.7,scattered clouds
14,Fortuna,US,40.6,-124.16,42.8,70,1,8.05,clear sky
15,Saint George,US,37.1,-113.58,41.0,13,1,5.82,clear sky
16,Hithadhoo,MV,-0.6,73.08,83.88,65,100,9.22,overcast clouds
17,Oskarshamn,SE,57.26,16.45,48.0,96,100,1.99,overcast clouds
18,Esperance,AU,-33.87,121.9,73.4,56,0,16.11,clear sky
19,Voznesenye,RU,61.01,35.48,47.19,86,100,8.81,overcast clouds
20,Tasiilaq,GL,65.61,-37.64,32.0,91,100,19.46,overcast clouds
21,Tomatlan,MX,19.93,-105.25,75.07,95,55,2.21,broken clouds
22,Grand Gaube,MU,-20.01,57.66,80.01,61,0,8.01,clear sky
23,Lebu,CL,-37.62,-73.65,50.67,86,100,10.78,light rain
24,Inhambane,MZ,-23.86,35.38,82.4,69,40,5.82,scattered clouds
25,Svetlogorsk,BY,52.63,29.73,49.93,73,0,9.69,clear sky
26,Ulety,RU,51.36,112.48,31.57,69,0,8.84,clear sky
27,Kalashnikovo,RU,57.28,35.23,46.76,81,42,11.3,scattered clouds
28,Grindavik,IS,63.84,-22.43,37.4,64,0,28.86,clear sky
29,Tuatapere,NZ,-46.13,167.68,48.99,80,0,5.99,clear sky
30,Along,IN,28.17,94.77,85.44,49,22,0.76,few clouds
31,Vila Franca Do Campo,PT,37.72,-25.43,64.4,88,75,4.7,light intensity drizzle rain
32,Puerto Ayora,EC,-0.74,-90.35,66.99,93,89,1.99,overcast clouds
33,Namie,JP,37.48,141.0,59.0,51,75,6.93,broken clouds
34,Bathurst,AU,-33.42,149.58,55.99,82,55,1.01,light rain
35,Rikitea,PF,-23.12,-134.97,75.36,86,32,19.3,light rain
36,Mahebourg,MU,-20.41,57.7,80.6,54,20,11.41,few clouds
37,Paita,PE,-5.09,-81.11,64.29,88,100,9.71,overcast clouds
38,East London,ZA,-33.02,27.91,73.4,78,20,13.87,few clouds
39,Puyo,EC,-1.47,-77.98,64.9,79,0,3.85,clear sky
40,Dikson,RU,73.51,80.55,8.42,95,90,19.42,overcast clouds
41,Ponta Do Sol,PT,32.67,-17.1,66.2,63,75,9.17,broken clouds
42,Upernavik,GL,72.79,-56.15,17.56,85,6,5.93,clear sky
43,Ushuaia,AR,-54.8,-68.3,41.0,80,20,13.87,few clouds
44,Leningradskiy,RU,69.38,178.42,19.63,91,17,20.83,few clouds
45,Butaritari,KI,3.07,172.79,81.45,68,73,8.79,broken clouds
46,Cape Town,ZA,-33.93,18.42,68.0,68,75,13.87,broken clouds
47,Mataura,NZ,-46.19,168.86,48.99,80,0,5.99,clear sky
48,Colomi,BO,-17.35,-65.87,55.4,93,40,2.1,scattered clouds
49,Hilo,US,19.73,-155.09,73.4,88,90,11.41,moderate rain
50,Port Alfred,ZA,-33.59,26.89,77.36,59,1,16.69,clear sky
51,Aykhal,RU,66.0,111.5,-4.0,83,89,2.24,light snow
52,Yorosso,ML,12.35,-4.78,78.89,23,46,4.94,scattered clouds
53,Georgetown,MY,5.41,100.34,89.6,79,20,6.93,few clouds
54,Bredasdorp,ZA,-34.53,20.04,75.2,57,100,5.82,overcast clouds
55,Ajdabiya,LY,30.76,20.23,75.79,45,0,12.24,clear sky
56,Severo-Kurilsk,RU,50.68,156.12,42.58,87,22,5.73,few clouds
57,Magaria,NE,13.0,8.91,83.75,17,0,10.51,clear sky
58,Terney,RU,45.05,136.61,45.57,72,100,3.44,overcast clouds
59,Kizema,RU,61.11,44.83,35.91,84,100,8.59,overcast clouds
60,Victoria,HK,22.29,114.16,80.01,69,25,16.02,scattered clouds
61,Togur,RU,58.36,82.83,35.55,98,100,7.61,light rain
62,Busselton,AU,-33.65,115.33,66.99,73,99,5.01,overcast clouds
63,Whitehorse,CA,60.72,-135.05,42.8,38,75,13.87,broken clouds
64,New Norfolk,AU,-42.78,147.06,54.0,67,91,1.99,overcast clouds
65,Aksarka,RU,66.56,67.8,5.61,94,19,1.66,few clouds
66,Lagoa,PT,39.05,-27.98,65.44,77,98,16.69,overcast clouds
67,Clyde River,CA,70.47,-68.59,8.37,84,13,4.32,few clouds
68,Anadyr,RU,64.75,177.48,19.4,92,90,8.95,light snow
69,Uchiza,PE,-8.46,-76.46,70.66,74,90,2.59,overcast clouds
70,Pirapora,BR,-17.34,-44.94,71.28,85,100,1.77,overcast clouds
71,Benin,BJ,9.5,2.25,79.88,53,38,1.52,scattered clouds
72,Latur,IN,18.4,76.58,81.86,50,51,6.24,broken clouds
73,Narsaq,GL,60.92,-46.05,32.0,85,2,2.24,clear sky
74,Pevek,RU,69.7,170.31,20.3,94,100,19.82,overcast clouds
75,Hermanus,ZA,-34.42,19.23,71.01,71,100,4.0,overcast clouds
76,Souillac,MU,-20.52,57.52,80.6,54,20,11.41,few clouds
77,Mehamn,NO,71.04,27.85,33.8,80,0,19.46,clear sky
78,Akhnur,IN,32.87,74.73,78.8,36,0,4.7,haze
79,Adrar,MR,20.5,-10.07,80.74,19,0,8.57,clear sky
80,Sabzevar,IR,36.21,57.68,68.0,19,0,11.41,clear sky
81,Airai,TL,-8.93,125.41,69.21,89,87,3.13,moderate rain
82,Lasa,IT,46.62,10.7,48.99,86,40,6.93,scattered clouds
83,Katsuura,JP,35.13,140.3,66.2,68,75,10.29,broken clouds
84,Cayenne,GF,4.93,-52.33,75.2,100,90,7.16,mist
85,Nishihara,JP,26.18,127.76,80.6,54,20,13.87,few clouds
86,Gimbi,ET,9.17,35.83,71.62,64,52,3.74,light rain
87,Iquitos,PE,-3.75,-73.25,73.87,94,80,1.7,broken clouds
88,Waipawa,NZ,-41.41,175.52,50.0,87,100,21.92,overcast clouds
89,Berlevag,NO,70.86,29.09,33.8,80,0,19.46,clear sky
90,Lorengau,PG,-2.02,147.27,81.86,75,18,3.49,few clouds
91,Colares,PT,38.8,-9.45,60.01,93,40,3.36,scattered clouds
92,Ust-Koksa,RU,50.27,85.61,48.79,48,35,5.19,scattered clouds
93,Komsomolskiy,UZ,40.43,71.72,64.4,27,0,2.24,clear sky
94,Kaoma,ZM,-14.78,24.8,89.11,24,0,11.77,clear sky
95,Torva,EE,58.0,25.93,53.6,81,75,16.11,broken clouds
96,Port Elizabeth,ZA,-33.92,25.57,69.8,83,20,9.17,few clouds
97,Arraial Do Cabo,BR,-22.97,-42.03,71.49,88,70,8.19,broken clouds
98,Teshie,GH,5.58,-0.11,80.6,88,20,9.17,few clouds
99,Bud,US,39.45,-86.18,44.01,100,90,3.36,overcast clouds
100,Kautokeino,NO,69.01,23.04,31.77,97,100,11.92,overcast clouds
101,Saskylakh,RU,71.92,114.08,-2.79,90,99,5.7,overcast clouds
102,Sorland,NO,67.67,12.69,48.2,70,0,20.8,clear sky
103,Russell,US,32.35,-85.2,69.8,88,90,4.7,overcast clouds
104,Balkhash,KZ,46.84,74.98,51.8,62,6,24.61,clear sky
105,Ancud,CL,-41.87,-73.82,44.6,75,20,11.41,few clouds
106,Touros,BR,-5.2,-35.46,75.2,88,20,2.24,few clouds
107,Namibe,AO,-15.2,12.15,71.6,78,75,5.03,broken clouds
108,Husavik,IS,66.04,-17.34,35.6,69,90,4.7,overcast clouds
109,Norman Wells,CA,65.28,-126.83,23.0,92,90,3.91,light snow
110,Bethel,US,41.37,-73.41,55.99,100,90,4.52,mist
111,Saint Marys,US,30.73,-81.55,77.0,91,29,1.01,scattered clouds
112,Yellowknife,CA,62.46,-114.35,21.2,79,90,14.99,light snow
113,Hobart,AU,-42.88,147.33,54.0,71,75,9.17,shower rain
114,Avarua,CK,-21.21,-159.78,68.0,88,100,19.46,light rain
115,Hasaki,JP,35.73,140.83,64.4,59,75,6.93,broken clouds
116,Chokurdakh,RU,70.63,147.92,7.02,96,100,7.65,overcast clouds
117,San Cristobal,VE,7.77,-72.22,65.25,91,50,2.35,light rain
118,Taoudenni,ML,22.68,-3.98,86.41,19,0,5.99,clear sky
119,Acapulco,MX,16.86,-99.89,79.9,86,100,7.92,moderate rain
120,Harper,LR,4.38,-7.72,79.54,85,98,5.41,light rain
121,Thompson,CA,55.74,-97.86,21.2,73,75,4.7,broken clouds
122,Buala,SB,-8.14,159.59,81.64,77,85,3.49,light rain
123,Kazerun,IR,29.62,51.65,81.72,14,0,5.79,clear sky
124,Okhotsk,RU,59.38,143.3,31.01,83,0,9.64,clear sky
125,Carnarvon,AU,-24.87,113.63,78.8,65,0,24.16,clear sky
126,Aklavik,CA,68.22,-135.01,12.2,85,75,3.36,light snow
127,Sassandra,CI,4.95,-6.08,78.03,88,100,3.04,light rain
128,Ixtapa,MX,20.7,-105.2,81.0,88,75,2.21,broken clouds
129,Dingle,PH,11.0,122.67,83.12,81,100,5.68,light rain
130,Sitka,US,57.05,-135.33,48.2,76,90,11.41,overcast clouds
131,Andros Town,BS,24.7,-77.77,78.8,88,20,5.82,few clouds
132,Severnyy-Kospashskiy,RU,59.09,57.8,21.99,76,63,3.0,broken clouds
133,Yinchuan,CN,38.47,106.27,49.62,39,100,0.81,overcast clouds
134,Tabou,CI,4.42,-7.35,78.62,88,100,3.6,moderate rain
135,Amapa,BR,1.0,-52.0,70.65,98,1,1.97,clear sky
136,Los Llanos De Aridane,ES,28.66,-17.92,69.8,68,40,8.05,scattered clouds
137,Cooma,AU,-36.23,149.13,51.8,87,75,9.17,broken clouds
138,Pangnirtung,CA,66.15,-65.71,7.75,80,16,6.62,few clouds
139,Saint-Philippe,RE,-21.36,55.77,80.6,65,90,13.87,overcast clouds
140,Vila Velha,BR,-20.33,-40.29,68.0,94,75,2.24,broken clouds
141,Vaini,TO,-21.2,-175.2,71.6,88,40,6.93,scattered clouds
142,Nikolskoye,RU,59.7,30.79,51.8,81,90,8.95,overcast clouds
143,Yugorsk,RU,61.31,63.33,23.16,92,66,9.89,broken clouds
144,Iberia,US,29.95,-91.75,64.4,93,1,3.36,clear sky
145,Zhigansk,RU,66.77,123.37,-1.44,92,84,7.56,broken clouds
146,Poya,NC,-21.35,165.15,76.21,68,97,4.43,overcast clouds
147,Koumac,NC,-20.57,164.28,76.05,73,100,5.61,overcast clouds
148,Julio De Castilhos,BR,-29.23,-53.68,57.11,97,96,8.19,overcast clouds
149,Broome,US,42.25,-75.83,46.0,93,90,5.82,overcast clouds
150,Provideniya,RU,64.38,-173.3,28.92,94,2,5.66,clear sky
151,Pierre,US,44.37,-100.35,8.01,77,1,4.7,clear sky
152,Tres Palos,MX,18.18,-101.62,72.82,91,100,1.95,overcast clouds
153,Kodiak,US,57.79,-152.41,46.4,52,1,20.8,clear sky
154,Lavrentiya,RU,65.58,-171.0,31.15,92,68,2.39,broken clouds
155,Rafraf,TN,37.19,10.18,64.4,63,40,13.87,scattered clouds
156,San Jose,US,37.34,-121.89,53.6,34,1,0.87,clear sky
157,Gravdal,NO,68.12,13.5,48.2,70,0,18.34,clear sky
158,Alofi,NU,-19.06,-169.92,73.4,94,32,12.75,scattered clouds
159,Bengkulu,ID,-3.8,102.27,83.3,66,99,6.2,overcast clouds
160,Ati,TD,13.22,18.34,86.79,17,91,11.79,overcast clouds
161,Zhukovo,RU,55.03,36.74,50.0,81,0,6.71,clear sky
162,Nouadhibou,MR,20.93,-17.03,75.2,53,0,17.22,clear sky
163,Ribeira Grande,PT,38.52,-28.7,66.2,68,40,11.41,scattered clouds
164,Zaykovo,RU,57.56,62.76,28.42,93,100,16.69,overcast clouds
165,Chuy,UY,-33.7,-53.46,58.17,82,100,12.39,overcast clouds
166,Nagato,JP,34.38,131.2,69.8,56,20,4.7,few clouds
167,Abeche,TD,13.83,20.83,87.8,16,0,13.87,clear sky
168,Bataipora,BR,-22.3,-53.27,65.34,98,15,4.21,few clouds
169,Kihei,US,20.79,-156.47,80.6,69,1,3.36,clear sky
170,Orel-Izumrud,RU,43.46,39.92,69.8,37,20,2.24,few clouds
171,Iqaluit,CA,63.75,-68.51,12.2,85,75,5.82,light snow
172,Vardo,NO,70.37,31.11,35.6,85,75,31.09,broken clouds
173,Polis,CY,35.04,32.43,84.2,48,0,12.75,clear sky
174,Jiuquan,CN,39.74,98.52,49.41,38,100,5.93,overcast clouds
175,Izhma,RU,65.01,53.91,24.69,97,100,11.65,snow
176,Opuwo,NA,-18.06,13.84,90.61,20,60,16.08,broken clouds
177,Castro,BR,-24.79,-50.01,61.05,96,55,4.5,broken clouds
178,Ban Nahin,LA,18.24,104.21,88.47,47,100,5.3,overcast clouds
179,Atar,MR,20.52,-13.05,82.42,22,43,12.06,scattered clouds
180,Progreso,MX,21.28,-89.67,79.0,88,90,5.82,overcast clouds
181,Aasiaat,GL,68.71,-52.87,14.52,93,69,6.69,broken clouds
182,Havelock,US,34.88,-76.9,63.0,96,0,3.71,clear sky
183,San Patricio,US,28.02,-97.52,59.0,82,90,16.11,overcast clouds
184,Tiksi,RU,71.69,128.87,3.81,93,74,3.89,broken clouds
185,Guozhen,CN,34.37,107.36,54.09,63,100,4.23,light rain
186,Iwaki,JP,37.05,140.88,64.99,82,100,1.99,overcast clouds
187,Caravelas,BR,-17.71,-39.25,73.53,87,100,3.11,overcast clouds
188,Olafsvik,IS,64.89,-23.71,39.78,69,100,18.77,overcast clouds
189,Guerrero Negro,MX,27.98,-114.06,60.84,34,0,10.36,clear sky
190,Guamuchil,MX,25.47,-108.1,72.0,80,15,1.99,few clouds
191,Teahupoo,PF,-17.83,-149.27,78.8,78,40,10.29,scattered clouds
192,Formosa Do Rio Preto,BR,-11.05,-45.19,72.21,90,100,0.18,light rain
193,Kirakira,SB,-10.45,161.92,80.71,80,99,8.48,moderate rain
194,Morehead,US,37.27,-87.18,51.8,93,90,4.7,overcast clouds
195,Darhan,MN,49.49,105.92,38.86,68,0,4.99,clear sky
196,Nurota,UZ,40.56,65.69,71.6,18,31,9.17,scattered clouds
197,Asyut,EG,27.18,31.18,75.2,73,0,9.17,clear sky
198,Fairbanks,US,64.84,-147.72,26.6,85,90,5.82,light snow
199,Ikongo,MG,-21.88,47.43,86.11,43,2,4.09,light rain
200,Arlit,NE,18.74,7.39,79.2,16,0,4.61,clear sky
201,Yenagoa,NG,4.92,6.26,83.14,79,58,1.14,light rain
202,Alto Araguaia,BR,-17.31,-53.22,69.55,88,100,1.79,overcast clouds
203,Saint Anthony,US,45.02,-93.22,19.99,85,1,3.36,clear sky
204,Marquette,US,46.53,-87.63,21.99,84,50,6.29,scattered clouds
205,Passos,BR,-20.72,-46.61,67.19,76,100,0.22,overcast clouds
206,Sisimiut,GL,66.94,-53.67,19.4,90,25,10.27,scattered clouds
207,Mafinga,TZ,-7.25,35.07,86.2,37,83,4.36,broken clouds
208,Zapolyarnyy,RU,69.42,30.81,35.6,93,75,19.46,broken clouds
209,Magnor,SE,59.95,12.2,45.0,100,91,2.24,overcast clouds
210,Mar Del Plata,AR,-38.0,-57.56,53.01,87,0,5.82,clear sky
211,Ilulissat,GL,69.22,-51.1,21.2,79,100,5.82,overcast clouds
212,Sozimskiy,RU,59.74,52.25,29.64,91,36,4.83,scattered clouds
213,Port Macquarie,AU,-31.43,152.92,66.0,72,100,1.01,overcast clouds
214,Palomares,MX,17.15,-95.07,69.06,93,100,0.87,overcast clouds
215,Andapa,MG,-14.65,49.65,85.24,35,1,4.32,clear sky
216,Livani,LV,56.35,26.18,51.17,83,60,11.07,broken clouds
217,Kichera,RU,55.94,110.1,24.19,82,19,2.86,few clouds
218,Champerico,GT,14.3,-91.92,68.0,97,95,9.31,light rain
219,Phalombe,MW,-15.81,35.65,88.83,34,6,3.44,clear sky
220,Purranque,CL,-40.92,-73.17,41.0,100,88,3.36,mist
221,Luderitz,NA,-26.65,15.16,67.98,51,0,11.36,clear sky
222,Hovd,MN,48.01,91.64,41.32,57,41,3.36,scattered clouds
223,Imbituba,BR,-28.24,-48.67,71.6,94,75,16.11,moderate rain
224,Koslan,RU,63.46,48.9,29.88,97,100,8.5,overcast clouds
225,Jamestown,US,42.1,-79.24,43.0,93,90,6.93,overcast clouds
226,Xunchang,CN,28.45,104.72,65.46,62,99,3.67,overcast clouds
227,Kaitangata,NZ,-46.28,169.85,50.0,71,0,8.01,clear sky
228,Batagay-Alyta,RU,67.8,130.41,9.12,94,100,1.63,light snow
229,Arman,RU,59.7,150.17,31.66,88,0,9.46,clear sky
230,Shubarshi,KZ,48.59,57.19,38.7,67,0,19.75,clear sky
231,Collie,AU,-33.37,116.15,71.01,42,6,11.36,clear sky
232,Biak,ID,-0.91,122.88,83.71,67,77,5.93,broken clouds
233,Tarauaca,BR,-8.16,-70.77,73.62,92,100,0.72,overcast clouds
234,Khandyga,RU,62.67,135.6,16.65,94,98,2.86,overcast clouds
235,Agucadoura,PT,41.43,-8.78,55.4,93,75,13.87,broken clouds
236,Alabaster,US,33.24,-86.82,64.99,93,75,3.74,broken clouds
237,Grammichele,IT,37.21,14.64,62.6,93,100,6.93,light rain
238,Vicuna,CL,-30.03,-70.71,53.6,87,0,6.93,clear sky
239,Aden,YE,12.78,45.04,83.8,56,23,13.06,few clouds
240,Barauli,IN,26.4,84.58,88.39,24,0,7.78,clear sky
241,Raton,US,36.9,-104.44,14.0,78,75,4.99,broken clouds
242,Saint-Joseph,RE,-21.37,55.62,80.6,65,90,13.87,overcast clouds
243,Noumea,NC,-22.28,166.46,80.6,54,20,9.17,few clouds
244,Listvyanka,RU,51.85,104.87,44.6,48,0,8.95,clear sky
245,Shaki,AZ,41.08,47.17,66.2,72,0,5.82,clear sky
246,Penalva,BR,-3.29,-45.17,74.35,94,55,2.04,broken clouds
247,Vostok,RU,46.49,135.88,32.67,96,100,4.81,overcast clouds
248,Dalen,NL,52.7,6.76,48.99,93,59,4.0,broken clouds
249,Hanmer Springs,NZ,-42.52,172.82,43.21,86,100,1.7,heavy intensity rain
250,Kasli,RU,55.89,60.76,27.59,93,99,16.82,overcast clouds
251,Trairi,BR,-3.28,-39.27,77.32,81,37,6.35,scattered clouds
252,Atuona,PF,-9.8,-139.03,78.58,74,67,22.66,broken clouds
253,Karakol,KG,42.49,78.39,53.6,38,0,5.91,clear sky
254,Pasighat,IN,28.07,95.33,84.24,58,80,3.31,broken clouds
255,Berbera,SO,10.44,45.01,87.15,40,20,10.98,few clouds
256,Padang,ID,-0.95,100.35,85.33,59,88,5.57,overcast clouds
257,Paamiut,GL,61.99,-49.67,29.12,87,0,16.78,clear sky
258,Cidreira,BR,-30.18,-50.21,63.68,91,100,14.65,light rain
259,Port Lincoln,AU,-34.73,135.87,60.8,70,0,11.34,clear sky
260,Warrington,GB,53.39,-2.58,46.4,93,75,10.29,broken clouds
261,Sambava,MG,-14.27,50.17,80.89,59,3,11.41,clear sky
262,Tambopata,PE,-12.73,-69.18,72.81,99,100,6.24,heavy intensity rain
263,Vangaindrano,MG,-23.35,47.6,81.27,60,1,9.33,clear sky
264,Thinadhoo,MV,0.53,72.93,83.35,66,0,8.12,clear sky
265,Saint-Augustin,CA,51.23,-58.65,29.52,97,100,3.71,overcast clouds
266,Umm Lajj,SA,25.02,37.27,89.47,35,0,6.64,clear sky
267,Brae,GB,60.4,-1.35,44.6,100,20,3.36,few clouds
268,Tiznit,MA,29.58,-9.5,60.85,68,0,1.66,clear sky
269,Cabo San Lucas,MX,22.89,-109.91,75.99,85,0,13.2,clear sky
270,Sao Jose Da Coroa Grande,BR,-8.9,-35.15,76.41,83,91,11.34,overcast clouds
271,Severo-Yeniseyskiy,RU,60.37,93.04,22.75,95,100,10.38,overcast clouds
272,Ilebo,CD,-4.32,20.58,87.08,55,21,2.93,few clouds
273,Adre,TD,13.47,22.2,84.76,18,0,14.16,clear sky
274,Khatanga,RU,71.97,102.5,4.86,94,97,11.45,overcast clouds
275,Mercedes,AR,-34.65,-59.43,52.0,77,0,5.99,clear sky
276,Don Sak,TH,9.32,99.69,90.0,70,20,11.41,light rain
277,Buraydah,SA,26.33,43.98,77.0,23,0,3.36,clear sky
278,Emilio Carranza,MX,19.97,-96.61,74.59,82,100,3.89,overcast clouds
279,Rockhampton,AU,-23.38,150.5,71.6,83,90,6.93,light rain
280,Kahului,US,20.89,-156.47,80.6,69,1,3.36,clear sky
281,Viedma,AR,-40.81,-63.0,60.01,38,100,1.01,light rain
282,Karratha,AU,-20.74,116.85,80.33,56,54,14.47,light rain
283,Belaya Gora,RU,68.53,146.42,10.6,91,100,6.46,overcast clouds
284,Sola,VU,-13.88,167.55,79.77,80,100,20.56,overcast clouds
285,Torbay,CA,47.67,-52.73,39.0,74,90,5.82,overcast clouds
286,Atambua,ID,-9.11,124.89,82.51,66,93,1.52,light rain
287,Sao Felix Do Xingu,BR,-6.64,-51.99,71.71,95,56,0.98,broken clouds
288,Tuktoyaktuk,CA,69.45,-133.04,5.02,90,100,6.11,overcast clouds
289,Klaksvik,FO,62.23,-6.59,32.0,64,87,7.58,overcast clouds
290,Xining,CN,36.62,101.77,40.59,67,87,3.94,overcast clouds
291,Gat,IL,31.61,34.76,82.99,51,0,4.0,clear sky
292,Paka,MY,4.64,103.44,86.0,79,20,5.82,few clouds
293,Luanda,AO,-8.84,13.23,75.2,94,90,5.82,overcast clouds
294,Chapais,CA,49.78,-74.85,21.2,85,90,9.17,light snow
295,Gushikawa,JP,26.35,127.87,80.6,54,1,14.99,clear sky
296,Boende,CD,-0.22,20.87,82.9,64,38,3.22,scattered clouds
297,Nome,US,64.5,-165.41,28.4,74,1,3.36,clear sky
298,Den Helder,NL,52.96,4.76,50.0,93,75,12.75,broken clouds
299,Ugoofaaru,MV,5.67,73.0,83.8,69,1,7.34,clear sky
300,Elmina,GH,5.09,-1.35,80.01,85,28,8.99,scattered clouds
301,Half Moon Bay,US,37.46,-122.43,57.99,56,40,2.33,scattered clouds
302,Sioux Lookout,CA,50.1,-91.92,21.2,67,40,12.75,scattered clouds
303,Hualmay,PE,-11.1,-77.61,61.93,87,100,6.89,overcast clouds
304,Tahta,EG,26.77,31.5,80.6,44,0,11.41,clear sky
305,Vagur,FO,61.47,-6.81,44.08,70,32,14.99,scattered clouds
306,Pimentel,PE,-6.84,-79.93,62.28,90,100,8.79,overcast clouds
307,Mackenzie,CA,55.3,-123.17,37.4,93,90,17.22,overcast clouds
308,Muskegon,US,43.3,-86.13,39.2,80,90,3.36,overcast clouds
309,Luena,AO,-11.78,19.92,73.4,83,0,4.7,clear sky
310,Rocha,UY,-34.48,-54.33,51.73,84,100,8.75,overcast clouds
311,Riyadh,SA,24.69,46.72,82.4,26,0,3.36,clear sky
312,Port-Cartier,CA,50.03,-66.87,30.99,100,90,3.36,overcast clouds
313,Contai,IN,21.78,87.75,85.33,53,0,8.08,clear sky
314,Luau,AO,-10.71,22.22,82.69,56,70,3.49,broken clouds
315,Toyooka,JP,35.53,134.83,62.6,67,20,6.93,few clouds
316,Florianopolis,BR,-27.61,-48.5,72.0,94,75,16.11,broken clouds
317,Egvekinot,RU,66.32,-179.17,18.37,94,60,10.83,broken clouds
318,Punto Fijo,VE,11.7,-70.2,80.96,79,75,13.0,broken clouds
319,Boralday,KZ,43.36,76.86,66.2,22,20,4.47,few clouds
320,Phalaborwa,ZA,-23.94,31.14,84.43,43,15,6.26,few clouds
321,Makakilo City,US,21.35,-158.09,78.8,83,1,4.7,clear sky
322,Dehloran,IR,32.69,47.27,87.71,12,0,5.79,clear sky
323,Kidal,ML,18.44,1.41,81.77,15,0,13.11,clear sky
324,Coquimbo,CL,-29.95,-71.34,53.6,87,4,6.93,clear sky
325,Sal Rei,CV,16.18,-22.92,78.8,83,75,9.17,broken clouds
326,Verkhnevilyuysk,RU,63.45,120.32,10.71,89,0,2.51,clear sky
327,Codrington,AU,-38.27,141.97,57.42,86,72,8.81,light rain
328,Lucea,JM,18.45,-78.17,77.0,88,20,1.12,few clouds
329,Cherskiy,RU,68.75,161.3,8.2,95,100,8.88,light snow
330,Bereznik,RU,62.86,42.71,37.89,93,100,8.9,overcast clouds
331,Barstow,US,34.9,-117.02,53.6,6,1,4.7,clear sky
332,Mount Isa,AU,-20.73,139.5,86.0,15,40,12.75,scattered clouds
333,Beringovskiy,RU,63.05,179.32,31.28,91,5,4.47,clear sky
334,Grootfontein,NA,-19.57,18.12,87.17,17,0,15.84,clear sky
335,Bend,US,44.06,-121.32,37.0,58,1,5.82,clear sky
336,Alvaraes,BR,-3.22,-64.8,75.42,95,100,0.47,light rain
337,Oxapampa,PE,-10.58,-75.4,56.82,85,97,3.94,overcast clouds
338,Tambo,PE,-14.8,-73.92,37.65,82,100,0.11,overcast clouds
339,Narathiwat,TH,6.33,101.75,91.4,55,40,9.17,scattered clouds
340,Pacific Grove,US,36.62,-121.92,53.6,32,1,4.07,clear sky
341,Mae Sai,TH,20.43,99.88,84.2,62,20,4.7,few clouds
342,Ust-Nera,RU,64.57,143.2,7.21,80,71,2.75,broken clouds
343,Bambanglipuro,ID,-7.95,110.28,80.92,78,100,10.45,light rain
344,Tsiroanomandidy,MG,-18.77,46.03,85.19,34,61,2.68,broken clouds
345,Kampong Chhnang,KH,12.17,104.55,85.05,71,100,10.67,moderate rain
346,Chunoyar,RU,57.45,97.32,34.45,94,100,3.56,light rain
347,Sao Filipe,CV,14.9,-24.5,79.65,78,100,10.54,overcast clouds
348,Aqtobe,KZ,50.28,57.21,33.8,64,75,24.61,broken clouds
349,Manzhouli,CN,49.6,117.43,30.52,78,0,19.26,clear sky
350,Chebenki,RU,51.93,55.71,35.6,64,75,22.37,broken clouds
351,Qasigiannguit,GL,68.82,-51.19,21.2,79,90,5.82,overcast clouds
352,Margate,GB,51.38,1.39,51.01,89,79,3.0,broken clouds
353,Takoradi,GH,4.88,-1.76,80.01,85,43,8.72,scattered clouds
354,Kavieng,PG,-2.57,150.8,83.91,59,0,2.04,clear sky
355,Cochabamba,BO,-17.39,-66.16,55.4,93,40,1.59,scattered clouds
356,Hamilton,US,39.18,-84.53,46.99,93,90,3.36,overcast clouds
357,Longyearbyen,SJ,78.22,15.64,30.2,80,75,5.82,broken clouds
358,La Palma,US,33.85,-118.05,57.2,20,90,4.18,smoke
359,Mandalgovi,MN,45.76,106.27,41.83,47,0,12.03,clear sky
360,Kande,TG,9.96,1.04,78.8,47,25,6.93,scattered clouds
361,Hongjiang,CN,27.11,110.0,73.35,61,52,5.17,broken clouds
362,Talaya,RU,61.38,152.75,16.34,94,92,3.71,overcast clouds
363,Pisco,PE,-13.7,-76.22,61.0,87,0,4.7,clear sky
364,Maraba,BR,-5.37,-49.12,77.0,83,100,2.24,light rain
365,Sur,OM,22.57,59.53,82.85,31,0,6.17,clear sky
366,Naze,JP,28.37,129.48,77.0,57,20,6.93,few clouds
367,Nacozari,MX,25.34,-108.26,72.0,82,4,3.0,clear sky
368,Comodoro Rivadavia,AR,-45.87,-67.5,51.8,34,0,23.04,clear sky
369,Duxbury,US,42.04,-70.67,55.99,100,90,9.24,mist
370,Amguri,IN,26.8,94.53,89.6,59,20,3.36,few clouds
371,Kenora,CA,49.82,-94.43,19.4,67,40,19.46,scattered clouds
372,Upata,VE,8.01,-62.4,75.99,90,100,3.78,overcast clouds
373,San Quintin,MX,30.48,-115.95,59.52,29,0,11.92,clear sky
374,Poum,NC,-20.23,164.02,76.78,73,91,9.22,overcast clouds
375,Campbell River,CA,50.02,-125.24,42.8,87,75,2.35,broken clouds
376,Faanui,PF,-16.48,-151.75,80.38,79,93,17.18,light rain
377,Dergachi,RU,51.23,48.77,39.06,67,0,7.92,clear sky
378,Leshukonskoye,RU,64.9,45.76,35.22,94,100,7.94,overcast clouds
379,Dabwali,IN,29.95,74.73,90.32,11,0,5.68,clear sky
380,Maragogi,BR,-9.01,-35.22,75.99,84,97,11.05,overcast clouds
381,Pontes E Lacerda,BR,-15.23,-59.34,70.84,96,96,1.48,overcast clouds
382,Kungurtug,RU,50.6,97.52,43.41,53,0,0.74,clear sky
383,Gewane,ET,10.17,40.65,88.95,15,22,4.05,few clouds
384,Luganville,VU,-15.53,167.17,77.0,78,63,10.0,broken clouds
385,San Jeronimo,PE,-11.95,-75.28,49.37,74,85,0.65,overcast clouds
386,Holly Hill,US,29.24,-81.04,78.01,94,20,3.36,few clouds
387,Bogande,BF,12.97,-0.14,85.15,23,14,4.34,few clouds
388,Ippy,CF,6.27,21.22,77.5,89,67,4.79,light rain
389,Kristiinankaupunki,FI,62.27,21.38,50.83,92,100,22.62,light rain
390,Bagdarin,RU,54.43,113.6,21.83,82,0,4.9,clear sky
391,Manokwari,ID,-0.87,134.08,84.36,69,60,3.22,broken clouds
392,Port Hedland,AU,-20.32,118.57,82.4,65,48,18.34,scattered clouds
393,Doume,CM,4.23,13.45,72.46,94,93,0.72,moderate rain
394,Atocha,BO,-20.93,-66.23,43.9,75,11,3.65,few clouds
395,Novobiryusinskiy,RU,56.96,97.71,35.76,97,100,3.58,light rain
396,Tumwater,US,47.01,-122.91,37.0,92,1,1.07,clear sky
397,Kaeo,NZ,-35.1,173.78,66.0,86,42,4.0,scattered clouds
398,Kaka,TM,37.35,59.61,76.8,17,100,13.2,overcast clouds
399,Mardin,TR,37.31,40.74,82.4,17,0,4.7,clear sky
400,Ampanihy,MG,-24.7,44.75,91.13,23,0,1.59,clear sky
401,Vilyuysk,RU,63.76,121.62,6.44,92,16,3.13,few clouds
402,Korla,CN,41.76,86.15,60.26,30,0,17.47,clear sky
403,Torrington,US,41.8,-73.12,52.0,99,100,7.85,overcast clouds
404,Kargopol,RU,61.51,38.95,41.32,93,100,10.74,light rain
405,Cedar City,US,37.68,-113.06,19.4,44,1,3.36,clear sky
406,Kudahuvadhoo,MV,2.67,72.89,83.44,70,1,6.87,clear sky
407,Port Hardy,CA,50.7,-127.42,46.4,93,90,10.29,light rain
408,Daru,PG,-9.08,143.21,80.78,83,65,13.94,broken clouds
409,Aborlan,PH,9.44,118.55,78.8,88,90,9.17,light rain
410,La Ronge,CA,55.1,-105.28,23.0,92,90,10.29,light snow
411,Talnakh,RU,69.49,88.4,1.4,84,0,11.18,clear sky
412,Jasper,US,37.2,-94.35,32.0,99,90,12.75,overcast clouds
413,Cajamarca,PE,-7.16,-78.5,54.14,83,100,2.1,overcast clouds
414,Buriti Bravo,BR,-5.84,-43.83,71.67,98,81,2.77,moderate rain
415,Marawi,PH,8.0,124.29,82.0,76,100,8.01,moderate rain
416,Kutum,SD,14.2,24.67,80.22,18,0,7.81,clear sky
417,Bambous Virieux,MU,-20.34,57.76,80.6,54,20,11.41,few clouds
418,Ningxiang,CN,37.34,111.21,46.09,51,100,4.45,overcast clouds
419,Udachnyy,RU,66.42,112.4,-4.0,83,88,2.24,light snow
420,Matara,LK,5.95,80.54,83.84,75,52,9.17,moderate rain
421,Saldanha,ZA,-33.01,17.94,64.4,78,40,11.41,scattered clouds
422,Tinglev,DK,54.93,9.25,48.99,87,96,14.99,light rain
423,Taber,CA,49.82,-112.15,33.8,74,1,27.51,clear sky
424,Tadine,NC,-21.55,167.88,73.44,80,4,16.24,clear sky
425,San Policarpo,PH,12.18,125.51,83.98,75,58,7.36,light rain
426,Atagay,RU,55.1,99.39,39.78,70,100,3.4,overcast clouds
427,Port Blair,IN,11.67,92.75,84.54,67,36,6.15,scattered clouds
428,Sibolga,ID,1.74,98.78,85.35,61,1,5.35,clear sky
429,Bonavista,CA,48.65,-53.11,37.99,80,100,4.0,overcast clouds
430,Laguna,US,38.42,-121.42,57.99,16,1,9.17,clear sky
431,Port Moresby,PG,-9.44,147.18,84.2,79,40,13.87,haze
432,Churapcha,RU,62.0,132.43,15.26,96,100,6.38,overcast clouds
433,Cockburn Town,TC,21.46,-71.14,82.54,78,44,17.83,scattered clouds
434,Beloha,MG,-25.17,45.05,93.51,23,0,4.36,clear sky
435,La Rochelle,FR,46.17,-1.15,55.4,87,75,9.17,broken clouds
436,Corinto,GR,37.94,22.96,69.01,54,28,5.01,scattered clouds
437,Morant Bay,JM,17.88,-76.41,78.8,83,20,4.7,few clouds
438,Salinas,US,36.68,-121.66,53.01,61,1,2.28,clear sky
439,Big Rapids,US,43.7,-85.48,35.6,93,90,2.71,overcast clouds
440,Antalya,TR,36.77,30.72,80.6,32,0,6.93,clear sky
441,Labuhan,ID,-6.88,112.21,86.18,63,99,9.93,moderate rain
442,Gomel,BY,52.43,30.98,44.6,87,0,11.18,clear sky
443,Roznava,SK,48.66,20.54,55.99,66,75,8.05,broken clouds
444,Yumen,CN,40.28,97.2,50.29,37,100,11.36,moderate rain
445,Marsaxlokk,MT,35.84,14.54,64.99,93,40,10.29,scattered clouds
446,Xinzhou,CN,38.41,112.73,56.21,33,100,1.61,overcast clouds
447,Roald,NO,62.58,6.13,44.6,75,0,6.93,clear sky
448,Mirnyy,RU,62.54,113.96,15.8,72,75,2.24,light shower snow
449,Marzuq,YE,14.4,46.47,78.55,16,18,8.25,few clouds
450,Corsicana,US,32.1,-96.47,41.0,93,90,11.41,mist
451,Shu,KZ,43.6,73.76,69.66,22,0,15.99,clear sky
452,Bani Walid,LY,31.76,13.99,72.43,56,0,6.2,clear sky
453,Eureka,US,40.8,-124.16,42.8,81,1,3.36,clear sky
454,Saint-Denis,FR,48.92,2.33,48.99,87,75,10.29,broken clouds
455,Emerald,AU,-23.53,148.17,71.6,73,73,6.93,broken clouds
456,Marovoay,MG,-16.1,46.63,87.8,48,20,13.87,few clouds
457,East Hemet,US,33.74,-116.94,46.0,26,66,1.97,broken clouds
458,Jumla,NP,29.27,82.18,65.71,25,0,6.98,clear sky
459,Cap Malheureux,MU,-19.98,57.61,80.01,61,0,8.01,clear sky
460,Port-Gentil,GA,-0.72,8.78,82.4,78,40,10.29,scattered clouds
461,Vila Do Maio,CV,15.13,-23.22,78.8,78,75,14.99,broken clouds
462,Benguela,AO,-12.58,13.41,78.8,69,75,4.7,broken clouds
463,Tezu,IN,27.92,96.17,86.13,50,5,3.04,clear sky
464,Turukhansk,RU,65.82,87.98,7.72,90,0,7.45,clear sky
465,Mareeba,AU,-17.0,145.43,82.4,65,40,9.17,light rain
466,Sainte-Marie,RE,-20.9,55.55,78.8,61,90,6.93,overcast clouds
467,Abha,SA,18.22,42.51,69.8,15,20,9.17,few clouds
468,Banda Aceh,ID,5.56,95.32,86.36,62,26,16.84,scattered clouds
469,Antofagasta,CL,-23.65,-70.4,59.0,77,90,5.82,overcast clouds
470,Onguday,RU,50.75,86.15,52.09,41,78,5.86,broken clouds
471,Batagay,RU,67.63,134.63,9.18,95,100,2.06,light snow
472,Mendi,PG,-6.18,143.65,58.46,100,100,1.1,light rain
473,Vao,NC,-22.67,167.48,72.81,83,53,19.08,broken clouds
474,Carutapera,BR,-1.2,-46.02,78.19,84,48,7.05,scattered clouds
475,Bubaque,GW,11.28,-15.83,82.15,81,1,9.37,clear sky
476,Lodja,CD,-3.48,23.43,69.76,97,100,1.57,moderate rain
477,College,US,64.86,-147.8,26.6,79,90,5.82,light snow
478,Conway,US,35.09,-92.44,48.2,100,90,10.29,mist
479,Quatre Cocos,MU,-20.21,57.76,80.6,54,20,11.41,few clouds
480,Aljezur,PT,37.32,-8.8,57.02,70,47,1.61,scattered clouds
481,Skibbereen,IE,51.55,-9.27,50.0,87,75,13.87,broken clouds
482,Penzance,GB,50.12,-5.54,55.4,100,90,24.16,overcast clouds
483,Nanortalik,GL,60.14,-45.24,30.52,91,2,16.91,clear sky
484,Keti Bandar,PK,24.14,67.45,88.2,32,0,10.11,clear sky
485,Lumphat,KH,13.49,106.98,81.95,88,100,3.8,light rain
486,Westport,US,41.14,-73.36,57.0,98,100,5.86,overcast clouds
487,Panjab,AF,34.39,67.02,59.09,23,0,8.43,clear sky
488,Ambon,ID,-3.7,128.18,84.2,74,75,2.24,broken clouds
489,Yar-Sale,RU,66.83,70.83,8.17,95,12,5.1,few clouds
490,Urumqi,CN,43.8,87.6,51.8,34,0,4.47,clear sky
491,Lososina,RU,49.0,140.31,40.62,70,0,3.22,clear sky
492,Orahovac,XK,42.4,20.65,53.01,93,40,1.66,mist
493,Tuy Hoa,VN,13.08,109.3,80.06,79,100,8.86,moderate rain
494,Mill Valley,US,37.91,-122.55,61.0,18,93,1.99,overcast clouds
495,Ndioum,SN,16.51,-14.65,73.4,69,0,8.5,clear sky
496,Vestmannaeyjar,IS,63.44,-20.27,39.2,86,75,41.38,light intensity drizzle
497,Ust-Kut,RU,56.79,105.77,29.17,94,98,4.05,overcast clouds
498,Bratslav,UA,48.82,28.94,54.0,100,90,6.71,mist
499,La Paz,BO,-16.5,-68.15,39.2,100,40,3.36,fog
500,Kambileyevskoye,RU,43.08,44.75,51.8,100,75,4.47,broken clouds
501,Oldenburg,DE,53.17,8.2,50.0,88,40,7.0,scattered clouds
502,Turkistan,KZ,43.0,68.0,61.7,35,100,16.98,overcast clouds
503,Zonguldak,TR,41.25,31.83,69.01,52,0,2.68,clear sky
504,Pattao,PH,18.25,121.82,85.19,74,100,7.11,light rain
505,Vaitape,PF,-16.52,-151.75,81.23,77,92,17.11,light rain
506,Praia Da Vitoria,PT,38.73,-27.07,66.2,88,75,13.82,broken clouds
507,Palmer,US,42.16,-72.33,50.0,100,90,4.47,mist
508,Minot,US,48.23,-101.3,24.8,68,1,16.11,clear sky
509,Bilma,NE,18.69,12.92,82.4,15,0,1.7,clear sky
510,Kruisfontein,ZA,-34.0,24.73,75.99,67,0,1.99,clear sky
511,Te Anau,NZ,-45.42,167.72,48.34,80,3,3.85,clear sky
512,Fort-Shevchenko,KZ,44.51,50.26,54.3,43,99,14.38,overcast clouds
513,Sabalgarh,IN,26.25,77.4,90.64,16,0,4.72,clear sky
514,Milkovo,RU,54.72,158.62,38.08,95,100,4.54,light rain
515,Angoche,MZ,-16.23,39.91,85.91,54,2,8.55,clear sky
516,Faya,SA,18.39,42.45,71.6,13,20,12.75,few clouds
517,Cayce,US,33.97,-81.07,59.0,93,1,1.25,clear sky
518,Nobeoka,JP,32.58,131.67,63.0,47,72,1.01,broken clouds
519,Banganapalle,IN,15.32,78.23,87.8,46,0,7.09,clear sky
520,Kaset Sombun,TH,16.28,101.95,81.41,73,100,6.11,light rain
521,Kenai,US,60.55,-151.26,35.6,80,90,4.7,overcast clouds
522,Labuan,MY,5.28,115.24,84.2,70,20,5.82,moderate rain
523,Staryy Nadym,RU,65.61,72.68,9.0,93,0,8.61,clear sky
524,Yulara,AU,-25.24,130.99,87.8,10,0,4.7,clear sky
525,Mangrol,IN,21.12,70.12,88.81,35,0,7.23,clear sky
526,Beckley,US,37.78,-81.19,54.0,100,90,3.36,fog
527,Barcelos,PT,41.54,-8.62,55.4,93,75,13.87,broken clouds
528,Kantilo,IN,20.35,85.18,87.8,55,0,4.7,haze
529,Moose Factory,CA,51.26,-80.61,19.4,79,1,9.17,clear sky
530,Gotsu,JP,35.0,132.22,66.2,55,20,3.36,few clouds
531,Whitley Bay,GB,55.04,-1.45,44.01,87,20,2.24,few clouds
532,Hirado,JP,33.36,129.55,69.8,49,75,1.12,broken clouds
533,Pacifica,US,37.61,-122.49,60.01,57,1,3.36,clear sky
534,Taloqan,AF,36.74,69.53,74.1,17,76,6.49,broken clouds
535,Skjervoy,NO,70.03,20.97,30.2,74,0,18.34,clear sky
536,Flinders,AU,-34.58,150.86,64.0,72,8,1.99,clear sky
537,Asau,RO,46.43,26.4,59.0,79,0,2.39,clear sky
538,Talara,PE,-4.58,-81.27,64.87,89,100,14.25,overcast clouds
539,Pizarro,CO,4.95,-77.37,77.76,89,99,5.37,light rain
540,Pitimbu,BR,-7.47,-34.81,75.2,94,20,10.69,few clouds
541,Itaqui,BR,-29.13,-56.55,54.57,94,0,6.4,clear sky
542,Tari,NG,12.41,4.49,84.33,22,26,7.76,scattered clouds
543,Poopo,BO,-18.37,-66.97,48.25,67,13,2.01,few clouds
544,Kalabo,ZM,-14.97,22.68,92.79,17,0,14.79,clear sky
545,Guanare,VE,9.04,-69.74,71.1,93,13,2.06,few clouds
546,Oyama,JP,36.3,139.8,72.0,55,75,6.93,broken clouds
547,Chicama,PE,-7.84,-79.15,63.16,85,100,3.49,overcast clouds
548,Xiaoweizhai,CN,26.19,107.51,69.87,66,50,5.14,scattered clouds
549,Ahipara,NZ,-35.17,173.17,60.69,93,79,1.54,broken clouds
550,Villazon,BO,-22.09,-65.59,46.22,70,69,4.5,broken clouds
551,Mackay,AU,-21.15,149.2,78.8,74,40,9.17,moderate rain
552,Ciudad Bolivar,VE,8.12,-63.55,75.56,87,100,6.29,overcast clouds
553,Cozumel,MX,20.51,-86.95,75.2,88,90,31.09,moderate rain
554,Ahuimanu,US,21.44,-157.84,78.8,83,75,3.36,broken clouds
555,Pangai,TO,-19.8,-174.35,75.4,79,15,18.14,light rain
556,Hambantota,LK,6.12,81.12,89.6,66,90,4.7,moderate rain
557,Boyuibe,BO,-20.42,-63.28,62.42,51,59,1.12,broken clouds
558,Vrangel,RU,42.73,133.08,54.43,79,1,6.2,clear sky
559,Ordynskoye,RU,54.37,81.9,49.96,57,73,8.95,broken clouds
560,Gouyave,GD,12.16,-61.73,80.6,88,20,11.41,few clouds
561,Cherdyn,RU,60.4,56.48,25.66,93,0,4.18,clear sky
562,Domanivka,UA,47.63,30.99,59.56,73,59,10.6,broken clouds
563,Inyonga,TZ,-6.72,32.07,73.8,62,100,5.46,overcast clouds
564,Huancabamba,PE,-5.24,-79.45,57.74,79,52,0.58,broken clouds
565,Ewa Beach,US,21.32,-158.01,78.8,83,1,4.7,clear sky
566,At-Bashi,KG,41.17,75.81,51.48,39,0,2.39,clear sky
567,Ormara,PK,25.21,64.64,78.96,53,0,12.03,clear sky
568,Namatanai,PG,-3.67,152.43,82.09,69,58,1.1,broken clouds
569,Garowe,SO,8.41,48.48,84.63,29,96,4.65,overcast clouds
570,Itacoatiara,BR,-3.14,-58.44,77.32,81,52,1.34,light rain
571,Lima,PE,-12.04,-77.03,60.8,87,0,5.82,clear sky
572,Ulladulla,AU,-35.35,150.47,61.0,67,75,12.75,light rain
573,Kandrian,PG,-6.22,149.55,77.58,88,100,4.05,overcast clouds
574,Abu Kamal,SY,34.45,40.92,83.62,14,0,3.09,clear sky
575,Gizo,SB,-8.1,156.84,82.58,73,95,2.64,overcast clouds
576,North Branch,US,45.51,-92.98,16.0,93,3,3.0,clear sky
577,Kendari,ID,-3.94,122.5,85.53,60,13,7.4,few clouds
578,Buchanan,LR,5.88,-10.05,80.6,88,75,2.3,mist
579,Makokou,GA,0.57,12.86,73.33,92,100,3.51,overcast clouds
580,Pundaguitan,PH,6.37,126.17,84.02,72,100,7.56,moderate rain
581,Camacha,PT,33.08,-16.33,64.4,68,40,6.93,scattered clouds
582,Kindersley,CA,51.47,-109.17,33.8,64,90,18.34,overcast clouds
583,Alyangula,AU,-13.85,136.42,86.0,66,90,9.17,overcast clouds
584,Kununurra,AU,-15.77,128.73,93.2,41,69,9.17,broken clouds
585,Cessnock,AU,-32.83,151.35,62.01,85,29,5.08,scattered clouds
586,Hay River,CA,60.82,-115.8,26.6,92,90,11.41,light snow
587,Sacramento,US,38.47,-121.32,57.99,16,1,9.17,clear sky
588,Primero De Enero,CU,21.95,-78.43,80.6,94,98,6.93,overcast clouds
589,Kabinda,CD,-6.13,24.48,72.21,87,100,2.77,overcast clouds
590,Auki,SB,-8.77,160.7,79.32,83,100,3.4,overcast clouds
591,Maldonado,UY,-34.67,-54.92,53.6,87,0,12.75,clear sky
592,Chingirlau,KZ,51.09,54.08,36.75,74,0,15.75,clear sky
593,Jalu,LY,29.03,21.55,79.54,34,32,11.18,scattered clouds
594,Deltona,US,28.9,-81.26,75.0,94,1,4.7,clear sky
595,Guarda,PT,40.54,-7.27,53.01,85,86,5.01,overcast clouds
596,Khandbari,NP,27.37,87.2,80.13,42,7,4.7,clear sky
597,Dunedin,NZ,-45.87,170.5,51.01,75,13,4.54,few clouds
598,Ribeira Brava,PT,32.65,-17.07,66.2,63,75,9.17,broken clouds
599,Aplahoue,BJ,6.93,1.68,79.81,81,20,2.91,few clouds
600,Krasnoye,UA,49.91,24.61,55.0,93,0,6.71,clear sky
601,Saint-Pierre,RE,-21.34,55.48,80.6,65,90,13.87,overcast clouds
602,Tura,IN,25.52,90.22,80.82,77,4,4.0,light rain
603,Mweka,CD,-4.85,21.57,85.23,55,8,3.49,clear sky
604,Lewistown,US,40.6,-77.57,53.01,93,20,8.05,few clouds
605,Canoinhas,BR,-26.18,-50.39,59.23,98,40,2.91,scattered clouds
606,Roma,US,43.21,-75.46,44.6,87,90,3.36,overcast clouds
607,Toppenish,US,46.38,-120.31,28.0,85,1,0.98,clear sky
608,Ureki,GE,42.0,41.78,77.0,37,0,20.8,clear sky
609,Lithgow,AU,-33.48,150.15,48.99,94,66,6.64,light rain
610,Battle Creek,US,42.32,-85.18,37.4,86,90,1.97,overcast clouds
611,Orebro,SE,59.27,15.21,48.99,93,75,5.82,broken clouds
612,Xochihuehuetlan,MX,17.92,-98.43,65.62,83,73,2.48,broken clouds
613,Kralendijk,BQ,12.15,-68.27,80.6,83,17,6.93,light rain
614,Spornoye,RU,50.84,37.29,50.0,61,0,15.66,clear sky
615,Aripuana,BR,-9.17,-60.63,73.2,97,100,0.58,overcast clouds
616,Tromso,NO,69.65,18.96,41.0,69,40,27.51,scattered clouds
617,Balikpapan,ID,-1.27,116.83,83.25,75,100,3.11,overcast clouds
618,Niamey,NE,13.51,2.11,82.4,30,0,6.93,dust
619,Saquena,PE,-4.67,-73.52,74.48,89,100,0.4,overcast clouds
620,Guiyang,CN,26.58,106.72,64.4,82,90,2.24,mist
621,Mbigou,GA,-1.9,11.91,71.65,92,100,1.81,light rain
622,Rawson,AR,-43.3,-65.1,57.52,46,99,12.75,overcast clouds
623,Orcopampa,PE,-15.27,-72.34,47.12,50,99,0.83,overcast clouds
624,Yurty,RU,56.05,97.63,35.96,97,100,4.38,light rain
625,Goderich,CA,43.75,-81.72,43.0,88,97,8.57,overcast clouds
626,Aswan,EG,24.09,32.91,88.0,29,0,7.78,clear sky
627,Digapahandi,IN,19.37,84.58,86.65,51,0,6.76,clear sky
628,Indianola,US,41.36,-93.56,27.0,64,100,4.29,overcast clouds
629,Helena,US,46.59,-112.04,21.0,72,1,5.17,clear sky
630,Baiyin,CN,36.56,104.21,41.0,86,90,8.95,overcast clouds
631,Aloleng,PH,16.13,119.78,83.57,75,100,6.02,moderate rain
632,Valdez,EC,1.25,-78.98,76.46,88,100,10.27,light rain
633,Shingu,JP,33.73,135.98,66.2,55,20,4.7,few clouds
634,Najran,SA,17.49,44.13,80.6,15,0,4.7,clear sky
635,Terre-De-Bas,GP,15.85,-61.64,78.8,83,22,6.93,thunderstorm
636,Valparaiso,CL,-33.04,-71.63,44.6,100,0,3.36,clear sky
637,Lappeenranta,FI,61.06,28.19,50.0,100,90,9.17,light intensity shower rain
638,Pasni,PK,25.26,63.47,78.71,48,0,13.42,clear sky
639,Marsa Matruh,EG,31.35,27.25,73.4,60,40,8.05,scattered clouds
640,Pedernales,DO,18.04,-71.74,79.97,68,100,2.66,overcast clouds
641,Huilong,CN,31.81,121.66,70.0,79,44,1.99,scattered clouds
642,Tommot,RU,58.96,126.29,17.22,95,100,3.42,light snow
643,Dukat,RU,62.55,155.55,8.01,91,1,5.03,clear sky
644,Londoko,RU,49.03,131.98,37.13,91,100,2.8,overcast clouds
645,Kangaatsiaq,GL,68.31,-53.46,22.93,94,54,9.22,broken clouds
646,Shenjiamen,CN,29.96,122.3,66.99,70,83,9.89,broken clouds
647,Yaan,NG,7.38,8.57,80.13,78,70,3.18,broken clouds
648,Bilibino,RU,68.05,166.44,1.92,92,98,2.57,overcast clouds
649,Tacoronte,ES,28.48,-16.41,68.0,88,75,6.93,fog
650,Rio Branco,BR,-9.97,-67.81,77.0,88,0,3.36,clear sky
651,Mezen,RU,65.85,44.24,37.36,94,100,10.85,light rain
652,Shimoda,JP,34.67,138.95,68.0,68,20,10.29,few clouds
653,Lae,PG,-6.72,146.98,82.4,69,75,5.82,moderate rain
654,Bathsheba,BB,13.22,-59.52,82.4,78,20,16.11,few clouds
655,Djibo,BF,14.1,-1.63,85.14,13,33,5.37,scattered clouds
656,Lazo,RU,43.38,133.9,47.05,79,34,2.26,scattered clouds
657,Kalmunai,LK,7.42,81.82,86.79,60,68,9.19,broken clouds
658,Kodar,IN,16.98,79.97,86.13,54,0,7.52,clear sky
659,Nizhneangarsk,RU,55.78,109.55,23.22,85,10,1.74,clear sky
660,Bowen,AU,-20.02,148.23,82.4,61,100,6.93,overcast clouds
661,Antalaha,MG,-14.9,50.28,80.69,60,0,9.84,clear sky
662,Tandil,AR,-37.32,-59.13,50.0,92,0,5.64,clear sky
663,Tawang,IN,27.58,91.87,63.3,30,0,7.9,clear sky
664,Ngunguru,NZ,-35.62,174.5,66.0,86,97,4.0,light rain
665,Drayton Valley,CA,53.22,-114.99,35.01,90,100,11.56,overcast clouds
666,Basco,PH,20.45,121.97,81.39,84,92,26.64,light rain
667,Jijiga,ET,9.35,42.8,77.59,15,24,9.51,few clouds
668,Ostrovnoy,RU,68.05,39.51,39.79,93,99,16.98,overcast clouds
669,Inuvik,CA,68.35,-133.72,12.2,85,75,3.36,light snow
670,Taunggyi,MM,20.78,97.03,75.29,76,15,0.98,moderate rain
671,Gallup,US,35.53,-108.74,21.2,79,1,4.7,clear sky
672,Dunda,TZ,-8.12,34.25,85.17,35,95,5.23,overcast clouds
673,Maniitsoq,GL,65.42,-52.9,22.33,90,0,11.36,clear sky
674,Nelson Bay,AU,-32.72,152.15,63.0,82,75,17.22,broken clouds
675,Gull Lake,CA,50.1,-108.48,28.4,74,90,19.46,overcast clouds
676,Mujiayingzi,CN,42.12,118.78,50.27,36,2,8.63,clear sky
677,Yasugi,JP,35.43,133.25,64.4,63,20,6.93,few clouds
678,Sol-Iletsk,RU,51.16,54.99,36.37,75,0,19.04,clear sky
679,Carauari,BR,-4.88,-66.9,73.89,98,98,1.3,light rain
680,Ingleside,US,27.88,-97.21,62.6,100,90,13.87,overcast clouds
681,Puerto Cabezas,NI,14.04,-83.39,77.36,89,100,2.75,overcast clouds
682,Monterey,US,36.25,-121.25,46.4,61,1,1.07,clear sky
683,Wanning,CN,18.8,110.4,77.56,77,99,19.66,light rain
684,Cacu,BR,-18.56,-51.13,72.05,86,100,2.95,overcast clouds
685,Okha,RU,53.57,142.95,38.73,80,78,6.71,broken clouds
686,Monticello,US,45.31,-93.79,15.8,85,1,6.87,clear sky
687,Damghan,IR,36.17,54.35,70.34,24,15,0.96,few clouds
688,Myitkyina,MM,25.38,97.4,91.54,46,0,2.26,clear sky
689,Bol,TD,13.46,14.71,82.53,39,16,15.64,few clouds
690,Taltal,CL,-25.4,-70.48,55.85,80,68,2.59,broken clouds
691,Sigli,ID,5.38,95.96,85.69,65,44,5.06,light rain
